{"cameraMode":{"drawMode":0,"name":"Shaded","section":"Shading Mode"},"sceneLighting":true,"audioPlay":false,"sceneViewState":{"m_AlwaysRefresh":false,"showFog":true,"showSkybox":true,"showFlares":true,"showImageEffects":true,"showParticleSystems":true,"showVisualEffectGraphs":true,"m_FxEnabled":true},"in2DMode":false,"pivot":{"x":-16.31952667236328,"y":0.5446295738220215,"z":-10.603799819946289},"rotation":{"x":-0.6204269528388977,"y":-0.007516206707805395,"z":0.005951947066932917,"w":-0.784227728843689},"size":54.91008758544922,"orthographic":false}